<?xml version="1.0" encoding="UTF-8" standalone="yes"?>
<addon  id="plugin.video.poison"
        name="[COLOR yellowgreen]Poison[/COLOR]"
        provider-name="[COLOR yellowgreen]OffSpring[/COLOR]"
        version="21.8.4a">
    <requires>
        <import addon="script.module.resolveurl" />
        <import addon="script.module.requests" />
        <import addon="script.module.beautifulsoup4" />
        <import addon="script.module.encrypticscrapers" />
        <import addon="script.module.orion" optional="true" />
        <import addon="script.module.six" />
        <import addon="script.module.simplejson" />
        <import addon="script.module.metahandler" optional="true" />
        <import addon="plugin.video.youtube" optional="true" />
    </requires>
    <extension library="poison.py" point="xbmc.python.pluginsource">
        <provides>video</provides>
    </extension>
    <extension library="service.py" point="xbmc.service" start="startup" />
    <extension point="xbmc.addon.metadata">
        <reuselanguageinvoker>false</reuselanguageinvoker>
        <summary lang="en_GB">Poison</summary>
        <description lang="en_GB">[COLOR yellowgreen]Multi-source add-on with TMDb, IMDB, and Trakt...[/COLOR][CR][CR]The author does not host any of the content in this add-on and takes no responsibility for content found.</description>
        <platform>all</platform>
        <license></license>
        <forum />
        <website></website>
        <source />
        <disclaimer lang="en_GB">The author of this add-on does not host any of the content which is found and has no affiliation with any of the content providers. This add-on simply searches websites for content. Use at your own risk!</disclaimer>
        <assets>
            <icon>icon.png</icon>
            <fanart>fanart.jpg</fanart>
        </assets>
        <news>
- See Changelog on Tools menu
        </news>
    </extension>
</addon>