<?xml version="1.0" encoding="UTF-8" standalone="yes"?>
<addon id="repository.offspring"
       name="[COLORgold]offspring repo[/COLOR]"
       version="22.5.26"
       provider-name="[COLORgold]OffSpring[/COLOR]">
    <extension point="xbmc.addon.repository" name="OffSpring Repo">
        <dir minversion="18.0" maxversion="18.9.0"><!--OffSpringRepo LEIA-->
            <info compressed="false">https://raw.githubusercontent.com/m3atp1zza/OffSpringRepo/main/leia/zips/addons.xml</info>
            <checksum>https://raw.githubusercontent.com/m3atp1zza/OffSpringRepo/main/leia/zips/addons.xml.md5</checksum>
            <datadir zip="true">https://raw.githubusercontent.com/m3atp1zza/OffSpringRepo/main/leia/zips/</datadir>
        </dir>
        <dir minversion="18.9.0"><!--OffSpringRepo Matrix-->
            <info compressed="false">https://raw.githubusercontent.com/m3atp1zza/OffSpringRepo/main/matrix/zips/addons.xml</info>
            <checksum>https://raw.githubusercontent.com/m3atp1zza/OffSpringRepo/main/matrix/zips/addons.xml.md5</checksum>
            <datadir zip="true">https://raw.githubusercontent.com/m3atp1zza/OffSpringRepo/main/matrix/zips/</datadir>
        </dir>
        <dir><!--OpenScrapers-->
            <info compressed="false">https://raw.githubusercontent.com/a4k-openproject/repository.openscrapers/master/zips/addons.xml</info>
            <checksum>https://raw.githubusercontent.com/a4k-openproject/repository.openscrapers/master/zips/addons.xml.md5</checksum>
            <datadir zip="true">https://raw.githubusercontent.com/a4k-openproject/repository.openscrapers/master/zips/</datadir>
        </dir>
        <dir><!--ResolveUrl-->
            <info compressed="false">https://raw.githubusercontent.com/Gujal00/smrzips/master/addons.xml</info>
            <checksum>https://raw.githubusercontent.com/Gujal00/smrzips/master/addons.xml.md5</checksum>
            <datadir zip="true">https://raw.githubusercontent.com/Gujal00/smrzips/master/zips/</datadir>
        </dir>
        <dir><!--Gujal-->
            <info compressed="false">https://raw.githubusercontent.com/Gujal00/smrzips/master/addons.xml</info>
            <checksum>https://raw.githubusercontent.com/Gujal00/smrzips/master/addons.xml.md5</checksum>
            <datadir zip="true">https://raw.githubusercontent.com/Gujal00/smrzips/master/zips/</datadir>
        </dir>
        <dir><!--Gujal-->
            <info compressed="false">https://raw.github.com/Gujal00/GujalKodiWork/master/addons.xml</info>
            <checksum>https://raw.github.com/Gujal00/GujalKodiWork/master/addons.xml.md5</checksum>
            <datadir zip="true">https://raw.github.com/Gujal00/GujalKodiWork/master/zips/</datadir>
        </dir>
        <dir minversion="18.0" maxversion="18.9.0"><!--jurialmunkey LEIA-->
            <info compressed="false">https://raw.githubusercontent.com/jurialmunkey/repository.jurialmunkey/master/leia/zips/addons.xml</info>
            <checksum>https://raw.githubusercontent.com/jurialmunkey/repository.jurialmunkey/master/leia/zips/addons.xml.md5</checksum>
            <datadir zip="true">https://raw.githubusercontent.com/jurialmunkey/repository.jurialmunkey/master/leia/zips/</datadir>
        </dir>
        <dir minversion="18.9.0"><!--jurialmunkey MATRIX-->
            <info compressed="false">https://raw.githubusercontent.com/jurialmunkey/repository.jurialmunkey/master/matrix/zips/addons.xml</info>
            <checksum>https://raw.githubusercontent.com/jurialmunkey/repository.jurialmunkey/master/matrix/zips/addons.xml.md5</checksum>
            <datadir zip="true">https://raw.githubusercontent.com/jurialmunkey/repository.jurialmunkey/master/matrix/zips/</datadir>
        </dir>
    </extension>
    <extension point="xbmc.addon.metadata">
        <summary>[COLORgold]OffSpring Repo[/COLOR]</summary>
        <description>[COLORgold]OffSpring Repo[/COLOR]</description>
        <platform>all</platform>
    <assets>
        <icon>icon.png</icon>
        <fanart>fanart.jpg</fanart>
    </assets>
    </extension>
</addon>