<?xml version="1.0" encoding="UTF-8" standalone="yes"?>
<addon id="script.focus.artwork" version="21.8.5" name="[COLOR purple]FOCUS ARTWORK[/COLOR]" provider-name="[COLOR yellow]OffSpring[/COLOR]">
	<requires>
		<import addon="xbmc.python" version="2.19.0"/>
	</requires>
	<extension point="xbmc.python.module" library="lib" />
	<extension point="xbmc.addon.metadata">
		<summary>Theme for Focus Addon</summary>
		<description>Artwork Module For Focus Addon</description>
        <disclaimer lang="en"></disclaimer>
		<platform>all</platform>
	</extension>
</addon>
