<?xml version="1.0" encoding="UTF-8" standalone="yes"?>
<addon id="context.poisonivy" name="[COLORlawngreen]poisonivy Context[/COLOR]" provider-name="[COLOR yellow]OffSpring[/COLOR]" version="21.9.6">
    <requires>
        <import addon="script.module.requests" version="2.19.1" />
    </requires>
    <extension point="kodi.context.item">
        <menu id="kodi.core.main">
            <item library="contextSettings.py">
                <label>[COLOR lawngreen]Poison Ivy[/COLOR] - CM Settings</label>
                <visible>
                    !String.IsEmpty(Window(home).Property(context.poisonivy.settings)) +
                    String.StartsWith(ListItem.path,plugin://plugin.video.poisonivy/) +
                    String.IsEqual(ListItem.Property(ispoisonivy_widget),true)
                </visible>
            </item>
            <item library="traktManager.py">
                <label>[COLOR lawngreen]Poison Ivy[/COLOR] - Trakt Manager</label>
                <visible>
                    !String.IsEmpty(Window(home).Property(context.poisonivy.traktManager)) +
                    String.StartsWith(ListItem.path,plugin://plugin.video.poisonivy/) +
                    String.IsEqual(ListItem.Property(ispoisonivy_widget),true) +
                    [String.IsEqual(ListItem.dbtype,episode) | String.IsEqual(ListItem.dbtype,tvshow) | String.IsEqual(ListItem.dbtype,season) | String.IsEqual(ListItem.dbtype,movie)]
                </visible>
            </item>
            <item library="clearProviders.py">
                <label>[COLOR lawngreen]Poison Ivy[/COLOR] - Clear Providers</label>
                <visible>
                    [!String.IsEmpty(Window(home).Property(context.poisonivy.clearProviders)) +
                    String.StartsWith(ListItem.FolderPath,plugin://plugin.video.poisonivy/?action=play) +
                    String.IsEqual(ListItem.Property(ispoisonivy_widget),true) +
                    [String.IsEqual(ListItem.dbtype,episode) | String.IsEqual(ListItem.dbtype,movie)]] |
                    [String.Contains(Container.FolderPath,videodb://) +
                    [String.Contains(Container.ListItem.Path,Window(home).Property(le.movieLib.path)) | String.Contains(Container.ListItem.Path,Window(home).Property(le.tvLib.path))] +
                    [String.IsEqual(ListItem.dbtype,episode) | String.IsEqual(ListItem.dbtype,movie)]]
                </visible>
            </item>
            <item library="clearBookmark.py">
                <label>[COLOR lawngreen]Poison Ivy[/COLOR] - Clear Item Bookmark</label>
                <visible>
                    !String.IsEmpty(Window(home).Property(context.poisonivy.clearBookmark)) +
                    String.StartsWith(ListItem.FolderPath,plugin://plugin.video.poisonivy/?action=play) +
                    String.IsEqual(ListItem.Property(ispoisonivy_widget),true) +
                    ListItem.IsResumable +
                    [String.IsEqual(ListItem.dbtype,episode) | String.IsEqual(ListItem.dbtype,movie)]
                </visible>
            </item>
            <item library="rescrape.py">
                <label>[COLOR lawngreen]Poison Ivy[/COLOR] - Rescrape Item</label>
                <visible>
                    [!String.IsEmpty(Window(home).Property(context.poisonivy.rescrape)) +
                    String.StartsWith(ListItem.FolderPath,plugin://plugin.video.poisonivy/?action=play) +
                    String.IsEqual(ListItem.Property(ispoisonivy_widget),true) +
                    [String.IsEqual(ListItem.dbtype,episode) | String.IsEqual(ListItem.dbtype,movie)]]
                </visible>
            </item>
            <item library="libRescrape.py">
                <label>[COLOR lawngreen]Poison Ivy[/COLOR] - Rescrape Lib Item</label>
                <visible>
                    String.Contains(Container.FolderPath,videodb://) +
                    [String.Contains(Container.ListItem.Path,Window(home).Property(le.movieLib.path)) | String.Contains(Container.ListItem.Path,Window(home).Property(le.tvLib.path))] +
                    [String.IsEqual(ListItem.dbtype,episode) | String.IsEqual(ListItem.dbtype,movie)]
                </visible>
            </item>
            <item library="playFromHere.py">
                <label>[COLOR lawngreen]Poison Ivy[/COLOR] - Play from here</label>
                <visible>
                    !String.IsEmpty(Window(home).Property(context.poisonivy.playFromHere)) +
                    String.StartsWith(ListItem.path,plugin://plugin.video.poisonivy/) +
                    String.IsEqual(ListItem.Property(ispoisonivy_widget),true) +
                    String.IsEqual(ListItem.dbtype,episode)
                </visible>
            </item>
            <item library="autoPlay.py">
                <label>[COLOR lawngreen]Poison Ivy[/COLOR] - Auto Play</label>
                <visible>
                    String.IsEmpty(Window(home).Property(le.autoPlay.enabled)) +
                    !String.IsEmpty(Window(home).Property(context.poisonivy.autoPlay)) +
                    String.StartsWith(ListItem.FolderPath,plugin://plugin.video.poisonivy/?action=play) +
                    String.IsEqual(ListItem.Property(ispoisonivy_widget),true) +
                    [String.IsEqual(ListItem.dbtype,episode) | String.IsEqual(ListItem.dbtype,movie)]
                </visible>
            </item>
            <item library="sourceSelect.py">
                <label>[COLOR lawngreen]Poison Ivy[/COLOR] - Source Select</label>
                <visible>
                    !String.IsEmpty(Window(home).Property(le.autoPlay.enabled)) +
                    !String.IsEmpty(Window(home).Property(context.poisonivy.sourceSelect)) +
                    String.StartsWith(ListItem.FolderPath,plugin://plugin.video.poisonivy/?action=play) +
                    String.IsEqual(ListItem.Property(ispoisonivy_widget),true) +
                    [String.IsEqual(ListItem.dbtype,episode) | String.IsEqual(ListItem.dbtype,movie)]
                </visible>
            </item>
            <item library="findSimilar.py">
                <label>[COLOR lawngreen]Poison Ivy[/COLOR] - Find Similar</label>
                <visible>
                    !String.IsEmpty(Window(home).Property(context.poisonivy.findSimilar)) +
                    String.StartsWith(ListItem.path,plugin://plugin.video.poisonivy/) +
                    String.IsEqual(ListItem.Property(ispoisonivy_widget),true) +
                    [String.IsEqual(ListItem.dbtype,tvshow) | String.IsEqual(ListItem.dbtype,movie)]
                </visible>
            </item>
            <item library="browseSeries.py">
                <label>[COLOR lawngreen]Poison Ivy[/COLOR] - Browse Series</label>
                <visible>
                    !String.IsEmpty(Window(home).Property(context.poisonivy.browseSeries)) +
                    String.StartsWith(ListItem.path,plugin://plugin.video.poisonivy/) +
                    String.IsEqual(ListItem.Property(ispoisonivy_widget),true) +
                    [String.IsEqual(ListItem.dbtype,episode) | String.IsEqual(ListItem.dbtype,tvshow)]
                </visible>
            </item>
            <item library="browseEpisodes.py">
                <label>[COLOR lawngreen]Poison Ivy[/COLOR] - Browse Episodes</label>
                <visible>
                    !String.IsEmpty(Window(home).Property(context.poisonivy.browseEpisodes)) +
                    String.StartsWith(ListItem.path,plugin://plugin.video.poisonivy/) +
                    String.IsEqual(ListItem.Property(ispoisonivy_widget),true) +
                    String.IsEqual(ListItem.dbtype,episode)
                </visible>
            </item>
        </menu>
    </extension>
    <extension point="xbmc.service" library="service.py" />
    <extension point="xbmc.addon.metadata">
        <summary lang="en"></summary>
        <description lang="en"></description>
        <platform>all</platform>
        <license>GNU GENERAL PUBLIC LICENSE. Version 3, 29 June 2007</license>
        <forum></forum>
        <website></website>
        <source></source>
        <disclaimer lang="en"></disclaimer>
        <assets>
            <icon>icon.png</icon>
            <fanart>fanart.jpg</fanart>
            <screenshot></screenshot>
        </assets>
        <news></news>
    </extension>
</addon>