<?xml version="1.0" encoding="UTF-8" standalone="yes"?>
<addon id="plugin.video.focus" version="2.0.0.3" name="[B][COLOR purple]FOCUS[/COLOR][/B]" provider-name="[B][COLOR purple]TM[/COLOR][/B]">
	<requires>
		<import addon="xbmc.python" version="2.25.0" />
		<import addon="script.module.focus" />
		<import addon="script.focus.artwork" />
		<import addon="script.focus.metadata" />
		<import addon="script.module.resolveurl" />
		<import addon="script.module.requests" />
		<import addon="script.module.metahandler" version="1.0.0" />
		<import addon="script.module.inputstreamhelper" version="0.3.3"/>
	</requires>
	<extension point="xbmc.python.pluginsource" library="focus.py">	
		<provides>video</provides>
        <provides>audio</provides>
	</extension>
	<extension point="xbmc.addon.metadata">
		<summary lang="en">[COLOR purple] MOVIES AND TV SHOWS[/COLOR]</summary>
		<description>[COLOR purple]Focus Movies and TV. This addon does not form part of the Kodi Media Centre. Please do not seek assistance with this addon from any of the Official Kodi Support Channels. The Dev does not host any of the content in this addon and takes no responsibility for content found[/COLOR]</description>
        <disclaimer lang="en">The Dev of this addon does not host any of the content which is found and have no affiliation with any of the content providers. This addon simply searches websites for content. Use at your own risk!
</disclaimer>
		<platform>all</platform>
		<assets>
			<icon>icon.png</icon>
			<fanart>fanart.jpg</fanart>
    			<screenshot>resources/screenshots/screenshot-01.png</screenshot>
    			<screenshot>resources/screenshots/screenshot-02.png</screenshot>
    			<screenshot>resources/screenshots/screenshot-03.png</screenshot>
		</assets>
		<news></news>
	</extension>
</addon>
