<?xml version="1.0" encoding="UTF-8" standalone="yes"?>
<addon id="script.module.focus" name="[B][COLOR purple]FOCUS MODULE[/COLOR][/B]" version="1.1" provider-name="[B][COLOR purple]BBB[/COLOR][/B]">
	<requires>
		<import addon="xbmc.python" version="2.1.0" />
	</requires>
	<extension point="xbmc.python.module" library="lib" />
	<extension point="xbmc.addon.metadata">
		<platform>all</platform>
		<summary lang="en">FOCUS</summary>
		<description></description>
        <disclaimer lang="en"></disclaimer>
	</extension>
</addon>